supervisor_id,student_id,score
2,1,0.3994
20,1,0.1878
17,1,0.5227
13,1,0.5285
11,1,0.7704
1,2,0.4774
32,2,0.1847
31,2,0.4807
11,2,0.7082
29,2,0.4272
30,3,0.2201
20,3,0.5268
29,3,0.1465
18,3,0.3196
25,3,0.568
18,4,0.7365
17,4,0.6603
3,4,0.6797
2,4,0.2672
16,4,0.4873
14,5,0.1401
19,5,0.149
2,5,0.4295
22,5,0.6341
5,5,0.3253
21,6,0.1779
18,6,0.6716
13,6,0.8351
5,6,0.1974
12,6,0.8638
28,7,0.2687
4,7,0.207
2,7,0.6736
3,7,0.1987
22,7,0.2816
17,8,0.6668
28,8,0.8283
6,8,0.2127
30,8,0.6356
16,8,0.8599
28,9,0.1509
11,9,0.6953
7,9,0.4393
15,9,0.6036
6,9,0.3012
19,10,0.3614
17,10,0.3231
10,10,0.1947
12,10,0.2618
32,10,0.3514
19,11,0.3233
9,11,0.1137
23,11,0.3482
28,11,0.2565
13,11,0.3051
13,12,0.2724
15,12,0.3544
29,12,0.3097
18,12,0.3507
31,12,0.7175
9,13,0.3945
12,13,0.5402
7,13,0.2516
13,13,0.5336
5,13,0.1882
1,14,0.1442
30,14,0.6498
28,14,0.5498
9,14,0.3171
16,14,0.5482
14,15,0.2822
19,15,0.4261
15,15,0.1851
31,15,0.3183
1,15,0.5165
22,16,0.5118
4,16,0.642
26,16,0.8504
31,16,0.8472
11,16,0.1822
21,17,0.3383
28,17,0.4245
19,17,0.4181
15,17,0.2173
18,17,0.1401
13,18,0.7503
1,18,0.2704
7,18,0.229
3,18,0.5297
25,18,0.4677
18,19,0.1046
10,19,0.762
23,19,0.4412
7,19,0.1282
27,19,0.1687
15,20,0.3846
10,20,0.2042
20,20,0.4451
1,20,0.2609
3,20,0.2234
1,21,0.2834
24,21,0.4764
31,21,0.2693
25,21,0.1861
11,21,0.6565
24,22,0.8812
3,22,0.6016
13,22,0.8176
18,22,0.6218
17,22,0.851
32,23,0.8377
16,23,0.8012
19,23,0.7755
17,23,0.5709
3,23,0.1455
7,24,0.8554
31,24,0.1479
22,24,0.8029
24,24,0.6178
15,24,0.1269
13,25,0.1605
23,25,0.2897
3,25,0.5733
4,25,0.1828
6,25,0.1752
11,26,0.1254
27,26,0.4926
29,26,0.1796
13,26,0.2279
21,26,0.5316
18,27,0.8125
3,27,0.6663
29,27,0.6622
11,27,0.657
7,27,0.5868
10,28,0.2161
26,28,0.2801
27,28,0.421
9,28,0.3685
19,28,0.3435
10,29,0.704
3,29,0.6009
19,29,0.4589
29,29,0.2081
17,29,0.4199
3,30,0.4281
7,30,0.7251
10,30,0.5069
27,30,0.3557
29,30,0.7203
13,31,0.7361
17,31,0.5694
18,31,0.4759
4,31,0.1827
30,31,0.1978
14,32,0.4524
5,32,0.3506
32,32,0.281
20,32,0.2142
17,32,0.3875
4,33,0.6234
29,33,0.1601
31,33,0.7674
16,33,0.1584
20,33,0.6072
21,34,0.8577
24,34,0.1791
26,34,0.6113
4,34,0.6643
30,34,0.8643
18,35,0.8583
3,35,0.6275
14,35,0.6021
5,35,0.2032
12,35,0.1608
11,36,0.4401
20,36,0.1587
9,36,0.3524
6,36,0.2349
19,36,0.5286
6,37,0.1053
24,37,0.4077
29,37,0.7065
3,37,0.3379
11,37,0.334
3,38,0.8189
9,38,0.2388
10,38,0.6434
13,38,0.3977
30,38,0.2
10,39,0.8151
15,39,0.6063
3,39,0.8145
5,39,0.1149
20,39,0.1893
17,40,0.3912
22,40,0.4144
24,40,0.3634
13,40,0.6582
1,40,0.3543
26,41,0.7914
14,41,0.134
30,41,0.353
31,41,0.7456
16,41,0.0973
5,42,0.5883
6,42,0.6704
21,42,0.4319
30,42,0.4212
29,42,0.1582
5,43,0.6447
14,43,0.8165
12,43,0.4422
26,43,0.134
1,43,0.2002
20,44,0.5108
31,44,0.6134
2,44,0.3804
26,44,0.6341
1,44,0.1905
27,45,0.4845
8,45,0.1625
31,45,0.353
28,45,0.5622
10,45,0.3553
22,46,0.2442
30,46,0.5905
24,46,0.3863
12,46,0.1365
16,46,0.6212
23,47,0.2199
26,47,0.1899
24,47,0.6091
22,47,0.8778
21,47,0.1355
17,48,0.4455
18,48,0.1334
31,48,0.3454
1,48,0.226
22,48,0.142
15,49,0.7676
29,49,0.4491
1,49,0.5931
3,49,0.4578
13,49,0.3472
19,50,0.6372
22,50,0.2325
12,50,0.5787
17,50,0.761
20,50,0.2283
22,51,0.4951
29,51,0.4395
21,51,0.3354
9,51,0.264
8,51,0.1575
13,52,0.7392
1,52,0.3303
21,52,0.1856
25,52,0.5973
15,52,0.4293
18,53,0.7668
16,53,0.4416
22,53,0.1595
23,53,0.5767
13,53,0.3759
25,54,0.2067
13,54,0.3637
15,54,0.5163
30,54,0.121
14,54,0.3836
17,55,0.2181
30,55,0.2669
8,55,0.288
9,55,0.3228
20,55,0.6199
9,56,0.5801
19,56,0.3521
4,56,0.4211
29,56,0.2121
15,56,0.4949
29,57,0.4206
15,57,0.6033
18,57,0.5905
1,57,0.4816
7,57,0.4457
23,58,0.6358
19,58,0.5911
31,58,0.5103
14,58,0.5871
1,58,0.6846
24,59,0.5297
25,59,0.4532
32,59,0.5793
13,59,0.4388
17,59,0.6624
16,60,0.0981
3,60,0.1075
1,60,0.0824
29,60,0.3301
6,60,0.5543
8,61,0.4074
15,61,0.6009
7,61,0.4964
16,61,0.4921
27,61,0.2187
20,62,0.8916
3,62,0.2674
26,62,0.6683
6,62,0.8771
30,62,0.9164
8,63,0.5228
5,63,0.4222
19,63,0.3912
29,63,0.1186
20,63,0.1387
6,64,0.5083
16,64,0.2953
10,64,0.6689
15,64,0.5125
3,64,0.7257
15,65,0.7926
29,65,0.6589
11,65,0.5693
23,65,0.8151
10,65,0.5772
32,66,0.8051
5,66,0.1401
9,66,0.1497
25,66,0.622
16,66,0.7921
22,67,0.4359
27,67,0.1888
26,67,0.2251
18,67,0.4182
23,67,0.7264
13,68,0.7839
29,68,0.2085
12,68,0.5511
19,68,0.3673
17,68,0.5953
12,69,0.3694
4,69,0.3015
6,69,0.2549
27,69,0.269
7,69,0.406
22,70,0.3779
3,70,0.6121
26,70,0.1847
13,70,0.2875
29,70,0.1176
3,71,0.1543
32,71,0.8239
16,71,0.7858
4,71,0.1453
25,71,0.6685
10,72,0.5331
16,72,0.6924
28,72,0.4338
31,72,0.4913
15,72,0.5246
12,73,0.2029
7,73,0.3385
19,73,0.3812
5,73,0.2585
13,73,0.1634
25,74,0.4407
17,74,0.4629
19,74,0.6054
28,74,0.7035
32,74,0.5648
5,75,0.1934
25,75,0.8598
18,75,0.2028
20,75,0.5726
4,75,0.1949
29,76,0.1179
20,76,0.4882
23,76,0.2586
26,76,0.5555
27,76,0.1786
26,77,0.8112
4,77,0.7115
21,77,0.673
13,77,0.4995
31,77,0.8295
25,78,0.4902
23,78,0.4016
17,78,0.2304
11,78,0.6048
21,78,0.2095
29,79,0.1747
5,79,0.5946
11,79,0.5344
1,79,0.2545
23,79,0.3598
29,80,0.156
8,80,0.1855
32,80,0.5028
15,80,0.212
28,80,0.5275
14,81,0.5076
15,81,0.7333
1,81,0.5526
16,81,0.6148
26,81,0.1939
18,82,0.5968
13,82,0.7943
19,82,0.3857
11,82,0.6026
12,82,0.828
28,83,0.4389
10,83,0.6552
7,83,0.1843
19,83,0.4322
26,83,0.2194
7,84,0.1735
24,84,0.478
9,84,0.2704
5,84,0.3066
13,84,0.5215
31,85,0.8563
4,85,0.5978
29,85,0.2324
26,85,0.8126
1,85,0.141
5,86,0.2394
14,86,0.41
21,86,0.2633
15,86,0.5243
10,86,0.5878
4,87,0.6669
26,87,0.8722
27,87,0.1647
6,87,0.2531
28,87,0.4777
26,88,0.6178
22,88,0.3924
10,88,0.3818
20,88,0.4715
8,88,0.3427
12,89,0.2475
22,89,0.3342
20,89,0.4131
28,89,0.7347
19,89,0.6028
32,90,0.8151
16,90,0.8125
5,90,0.225
29,90,0.2114
28,90,0.8185
15,91,0.3018
22,91,0.6553
21,91,0.0752
1,91,0.1978
7,91,0.4842
23,92,0.1184
13,92,0.468
9,92,0.2542
31,92,0.0974
27,92,0.2521
8,93,0.5772
4,93,0.7758
1,93,0.7556
19,93,0.6291
7,93,0.1851
24,94,0.7869
17,94,0.8735
12,94,0.8659
18,94,0.6174
13,94,0.7805
24,95,0.528
13,95,0.5809
2,95,0.2035
3,95,0.738
15,95,0.3807
18,96,0.6814
10,96,0.3048
20,96,0.1701
19,96,0.4736
30,96,0.2144
18,97,0.8238
14,97,0.5934
29,97,0.5806
3,97,0.6278
12,97,0.1092
4,98,0.5084
25,98,0.2602
19,98,0.5427
20,98,0.2334
23,98,0.2132
20,99,0.8524
32,99,0.4407
8,99,0.1902
9,99,0.6681
21,99,0.811
15,100,0.6904
13,100,0.3789
22,100,0.3535
16,100,0.5392
12,100,0.1572
2,101,0.201
3,101,0.555
13,101,0.6286
11,101,0.4841
24,101,0.6224
2,102,0.7571
7,102,0.5878
19,102,0.1606
30,102,0.0994
1,102,0.1394
3,103,0.5012
10,103,0.6347
16,103,0.3964
15,103,0.427
31,103,0.1963
31,104,0.344
2,104,0.0707
22,104,0.4585
32,104,0.1394
25,104,0.5115
2,105,0.2002
25,105,0.2435
27,105,0.276
19,105,0.4838
15,105,0.5199
8,106,0.4613
28,106,0.4261
22,106,0.4646
21,106,0.6377
31,106,0.8208
18,107,0.4089
2,107,0.7615
10,107,0.1776
15,107,0.131
14,107,0.1509
18,108,0.4759
22,108,0.3148
12,108,0.5203
11,108,0.4732
13,108,0.7219
15,109,0.4449
4,109,0.1006
24,109,0.0944
10,109,0.5086
31,109,0.0843
24,110,0.5521
13,110,0.6246
12,110,0.5987
4,110,0.3958
19,110,0.4993
13,111,0.7916
6,111,0.2604
23,111,0.3759
7,111,0.2547
12,111,0.6261
26,112,0.5823
8,112,0.2909
9,112,0.1431
13,112,0.5501
18,112,0.2894
24,113,0.2684
15,113,0.471
28,113,0.4101
2,113,0.1304
20,113,0.4951
18,114,0.642
23,114,0.6046
19,114,0.4468
7,114,0.6269
16,114,0.4844
18,115,0.795
23,115,0.7847
7,115,0.5968
19,115,0.5798
31,115,0.6053
27,116,0.622
16,116,0.1457
13,116,0.4386
11,116,0.3884
3,116,0.337
21,117,0.1669
11,117,0.6428
31,117,0.6761
17,117,0.2133
3,117,0.7108
23,118,0.2353
8,118,0.2749
24,118,0.2338
19,118,0.5933
25,118,0.502
9,119,0.8811
1,119,0.859
26,119,0.4019
6,119,0.4109
27,119,0.8375
20,120,0.6687
16,120,0.2931
8,120,0.1042
13,120,0.4675
6,120,0.3483
16,121,0.4375
3,121,0.6603
23,121,0.6029
31,121,0.4907
15,121,0.5677
3,122,0.6685
4,122,0.161
7,122,0.6131
15,122,0.811
14,122,0.6262
6,123,0.1922
9,123,0.1279
4,123,0.3246
14,123,0.1632
2,123,0.1542
2,124,0.5562
21,124,0.412
3,124,0.182
13,124,0.267
22,124,0.2911
26,125,0.229
18,125,0.5891
24,125,0.2165
7,125,0.7045
8,125,0.2359
20,126,0.4195
4,126,0.4797
25,126,0.1985
32,126,0.287
1,126,0.1472
17,127,0.1335
26,127,0.4642
15,127,0.2695
14,127,0.2448
11,127,0.4077
21,128,0.4123
22,128,0.1292
15,128,0.4367
20,128,0.384
18,128,0.18
20,129,0.2027
9,129,0.4406
23,129,0.1389
5,129,0.6357
11,129,0.59
4,130,0.512
19,130,0.4081
15,130,0.5395
32,130,0.389
7,130,0.3665
20,131,0.2561
23,131,0.582
22,131,0.2347
12,131,0.4198
13,131,0.4282
31,132,0.2856
16,132,0.5744
10,132,0.5255
32,132,0.5472
28,132,0.5066
1,133,0.49
25,133,0.58
10,133,0.3909
15,133,0.6183
19,133,0.1965
22,134,0.4276
13,134,0.4412
15,134,0.4688
18,134,0.2077
3,134,0.2261
12,135,0.101
22,135,0.7063
19,135,0.147
6,135,0.0807
20,135,0.2753
13,136,0.4627
11,136,0.5758
29,136,0.2942
1,136,0.4682
19,136,0.5267
6,137,0.389
4,137,0.6133
8,137,0.5866
17,137,0.2003
20,137,0.3474
13,138,0.524
7,138,0.1621
16,138,0.2882
5,138,0.1656
25,138,0.4849
24,139,0.6004
22,139,0.5386
27,139,0.6071
16,139,0.4547
32,139,0.4349
28,140,0.3333
1,140,0.3708
16,140,0.1524
24,140,0.239
8,140,0.3354
26,141,0.2004
12,141,0.5368
25,141,0.3302
13,141,0.6141
18,141,0.4046
10,142,0.2656
31,142,0.2917
1,142,0.3169
11,142,0.2695
8,142,0.5819
29,143,0.2497
26,143,0.3026
24,143,0.2526
4,143,0.3755
15,143,0.2374
15,144,0.4677
6,144,0.1433
13,144,0.4869
29,144,0.1293
18,144,0.1964
21,145,0.4624
10,145,0.2598
28,145,0.5481
30,145,0.4044
7,145,0.3272
18,146,0.6174
3,146,0.5628
11,146,0.5506
1,146,0.3332
13,146,0.5429
22,147,0.4038
25,147,0.5214
9,147,0.4202
1,147,0.3957
23,147,0.4055
6,148,0.2247
8,148,0.6315
30,148,0.1949
14,148,0.5915
24,148,0.2637
26,149,0.9145
4,149,0.6967
31,149,0.925
27,149,0.22
21,149,0.6987
2,150,0.8826
7,150,0.6465
13,150,0.1467
18,150,0.4747
22,150,0.1636
21,151,0.4332
8,151,0.4679
4,151,0.6344
1,151,0.3885
26,151,0.6544
17,152,0.4311
12,152,0.218
5,152,0.2046
18,152,0.2138
19,152,0.4225
26,153,0.5388
31,153,0.7283
11,153,0.3424
18,153,0.3763
10,153,0.321
26,154,0.4503
19,154,0.5259
15,154,0.1983
27,154,0.4151
10,154,0.2853
13,155,0.2536
12,155,0.2837
6,155,0.6906
10,155,0.2387
11,155,0.8978
23,156,0.4738
15,156,0.4538
14,156,0.5082
13,156,0.4327
1,156,0.4529
12,157,0.281
2,157,0.4346
22,157,0.1045
20,157,0.1329
15,157,0.15
25,158,0.1847
13,158,0.2053
4,158,0.3583
22,158,0.5497
27,158,0.5276
18,159,0.5696
14,159,0.474
15,159,0.7759
13,159,0.6052
26,159,0.2397
15,160,0.0912
18,160,0.067
1,160,0.4055
32,160,0.1535
9,160,0.3751
21,161,0.602
4,161,0.6091
6,161,0.2213
16,161,0.1552
1,161,0.1727
20,162,0.1685
26,162,0.2483
17,162,0.4643
11,162,0.3655
13,162,0.4696
13,163,0.563
10,163,0.3298
27,163,0.1538
3,163,0.6713
12,163,0.5394
20,164,0.1394
32,164,0.184
22,164,0.1668
23,164,0.4661
12,164,0.1871
4,165,0.3382
25,165,0.1273
19,165,0.5248
29,165,0.4031
22,165,0.1803
24,166,0.8305
12,166,0.6237
18,166,0.5482
22,166,0.4388
25,166,0.2194
12,167,0.3344
3,167,0.4881
29,167,0.4457
8,167,0.4663
15,167,0.6064
17,168,0.3053
22,168,0.3394
11,168,0.3258
25,168,0.2848
21,168,0.498
19,169,0.605
32,169,0.6161
25,169,0.4594
28,169,0.6494
16,169,0.5793
3,170,0.3128
15,170,0.6808
28,170,0.1322
1,170,0.4717
6,170,0.1981
17,171,0.8497
13,171,0.8356
12,171,0.8866
18,171,0.6815
24,171,0.871
20,172,0.2025
23,172,0.6069
1,172,0.4391
18,172,0.5583
22,172,0.2108
24,173,0.5384
15,173,0.3188
27,173,0.2852
17,173,0.5541
20,173,0.3183
19,174,0.4858
15,174,0.7177
18,174,0.5309
3,174,0.7011
23,174,0.6443
2,175,0.7842
29,175,0.1372
26,175,0.1354
7,175,0.5585
6,175,0.134
17,176,0.7898
24,176,0.794
15,176,0.1257
13,176,0.7981
18,176,0.5824
23,177,0.636
22,177,0.2709
26,177,0.1468
18,177,0.5675
31,177,0.3489
7,178,0.5834
24,178,0.5109
22,178,0.8161
29,178,0.6223
28,178,0.2328
14,179,0.5154
2,179,0.2216
10,179,0.7124
7,179,0.4662
18,179,0.577
4,180,0.4007
30,180,0.2808
12,180,0.1396
20,180,0.585
31,180,0.5023
4,181,0.1991
31,181,0.5241
1,181,0.3561
19,181,0.7714
23,181,0.4113
13,182,0.5939
12,182,0.5992
17,182,0.5938
25,182,0.2212
19,182,0.5282
20,183,0.2427
25,183,0.6915
31,183,0.5009
19,183,0.8118
28,183,0.8147
2,184,0.3491
21,184,0.1067
22,184,0.4198
4,184,0.1072
24,184,0.1479
1,185,0.1707
30,185,0.5624
28,185,0.7025
16,185,0.5914
21,185,0.6053
20,186,0.6731
4,186,0.4969
8,186,0.3688
12,186,0.164
30,186,0.3644
16,187,0.4791
18,187,0.2508
27,187,0.4146
21,187,0.4636
30,187,0.4078
3,188,0.6903
14,188,0.4059
8,188,0.2591
10,188,0.5107
4,188,0.2992
31,189,0.807
26,189,0.8278
15,189,0.19
20,189,0.654
1,189,0.2149
7,190,0.2103
31,190,0.8501
28,190,0.5102
27,190,0.2358
29,190,0.2337
6,191,0.2729
1,191,0.7183
23,191,0.6282
31,191,0.5142
11,191,0.4802
21,192,0.1816
15,192,0.4497
18,192,0.6197
10,192,0.246
5,192,0.1689
6,193,0.4731
23,193,0.1879
18,193,0.192
1,193,0.856
8,193,0.604
3,194,0.4791
4,194,0.2982
17,194,0.561
7,194,0.1801
12,194,0.5836
29,195,0.6927
15,195,0.5193
18,195,0.5593
11,195,0.4346
22,195,0.3848
24,196,0.7062
13,196,0.6194
32,196,0.576
6,196,0.2241
16,196,0.4187
15,197,0.4558
3,197,0.5966
8,197,0.3657
27,197,0.3923
1,197,0.5538
9,198,0.5923
24,198,0.1653
28,198,0.2464
6,198,0.5532
1,198,0.6635
11,199,0.5712
32,199,0.4176
30,199,0.3246
17,199,0.336
27,199,0.3823
31,200,0.1883
3,200,0.3673
14,200,0.12
13,200,0.4149
1,200,0.1923
15,201,0.7488
22,201,0.156
7,201,0.571
16,201,0.6047
18,201,0.7325
10,202,0.2104
31,202,0.1723
12,202,0.5903
25,202,0.3836
13,202,0.7206
28,203,0.4975
15,203,0.4501
14,203,0.3493
7,203,0.2214
32,203,0.4793
10,204,0.6814
15,204,0.8796
23,204,0.8857
19,204,0.6681
1,204,0.6867
15,205,0.4923
13,205,0.4537
32,205,0.2053
2,205,0.4149
28,205,0.1264
19,206,0.3546
26,206,0.1644
27,206,0.3431
1,206,0.316
15,206,0.4037
24,207,0.3819
20,207,0.191
25,207,0.4879
32,207,0.6064
2,207,0.5042
12,208,0.6785
27,208,0.45
11,208,0.5239
24,208,0.6717
32,208,0.3904
16,209,0.1717
11,209,0.1664
23,209,0.2345
31,209,0.2334
25,209,0.2089
12,210,0.304
22,210,0.0766
7,210,0.0776
11,210,0.5563
29,210,0.0743
29,211,0.8852
32,211,0.2125
24,211,0.6774
28,211,0.2389
7,211,0.8406
23,212,0.4994
14,212,0.3627
15,212,0.4642
32,212,0.1705
16,212,0.4145
4,213,0.2971
22,213,0.59
28,213,0.2749
24,213,0.3964
16,213,0.2366
11,214,0.6833
13,214,0.4438
24,214,0.4639
22,214,0.2087
25,214,0.2124
15,215,0.438
28,215,0.219
8,215,0.2004
13,215,0.2226
16,215,0.356
2,216,0.5576
27,216,0.1755
26,216,0.3525
31,216,0.4214
13,216,0.1942
8,217,0.3771
24,217,0.4378
13,217,0.6027
21,217,0.4208
32,217,0.2713
2,218,0.1436
13,218,0.331
31,218,0.6636
25,218,0.3663
27,218,0.2844
4,219,0.1182
11,219,0.6073
22,219,0.436
29,219,0.3715
6,219,0.4827
19,220,0.1369
9,220,0.2155
26,220,0.5388
22,220,0.4789
13,220,0.4058
22,221,0.5144
31,221,0.6747
10,221,0.3842
13,221,0.4564
26,221,0.5775
10,222,0.8199
23,222,0.3889
24,222,0.1837
15,222,0.6326
9,222,0.1621
31,223,0.43
23,223,0.4384
30,223,0.2499
20,223,0.5869
9,223,0.3022
18,224,0.1758
14,224,0.2764
2,224,0.1607
4,224,0.5062
20,224,0.4769
21,225,0.2858
32,225,0.334
24,225,0.2209
22,225,0.1799
30,225,0.2603
30,226,0.3486
27,226,0.6209
24,226,0.5226
32,226,0.3609
29,226,0.5466
23,227,0.427
3,227,0.5237
24,227,0.0839
9,227,0.1683
26,227,0.1246
19,228,0.4772
17,228,0.5059
23,228,0.1175
13,228,0.5338
1,228,0.3991
22,229,0.4234
30,229,0.1693
13,229,0.6891
29,229,0.2901
3,229,0.4505
11,230,0.3389
5,230,0.2339
1,230,0.5739
8,230,0.4607
12,230,0.4639
13,231,0.5034
4,231,0.4406
20,231,0.4288
2,231,0.2092
25,231,0.5711
30,232,0.7305
6,232,0.803
2,232,0.1266
24,232,0.1328
9,232,0.5793
24,233,0.7864
13,233,0.7751
17,233,0.8133
18,233,0.5794
11,233,0.6063
11,234,0.7285
9,234,0.138
3,234,0.3195
23,234,0.3306
18,234,0.3475
12,235,0.7502
3,235,0.5249
18,235,0.601
24,235,0.7841
13,235,0.8004
6,236,0.1964
24,236,0.8612
19,236,0.4873
17,236,0.8175
12,236,0.8045
9,237,0.1108
18,237,0.3631
22,237,0.358
19,237,0.2872
13,237,0.4618
12,238,0.5128
8,238,0.3107
27,238,0.4826
24,238,0.647
29,238,0.3924
20,239,0.6614
2,239,0.1775
31,239,0.9071
32,239,0.258
26,239,0.879
15,240,0.2143
10,240,0.2899
20,240,0.4842
26,240,0.6298
31,240,0.7128
13,241,0.5598
30,241,0.1947
20,241,0.3151
31,241,0.1485
32,241,0.2682
1,242,0.8039
9,242,0.7763
11,242,0.1294
4,242,0.7392
6,242,0.3751
30,243,0.6847
9,243,0.1403
24,243,0.439
17,243,0.6023
25,243,0.6695
8,244,0.4854
19,244,0.4627
1,244,0.6647
23,244,0.3483
9,244,0.6545
14,245,0.2528
4,245,0.4927
1,245,0.5808
29,245,0.131
26,245,0.3397
18,246,0.4979
17,246,0.7548
3,246,0.4835
11,246,0.507
13,246,0.6
4,247,0.1414
22,247,0.5481
2,247,0.3385
30,247,0.1044
19,247,0.13
13,248,0.1109
9,248,0.172
7,248,0.5567
24,248,0.3824
30,248,0.123
12,249,0.225
27,249,0.5612
10,249,0.2726
23,249,0.1617
4,249,0.1645
16,250,0.4593
24,250,0.2688
26,250,0.3379
25,250,0.3736
4,250,0.3994
22,251,0.2413
12,251,0.6637
5,251,0.1877
13,251,0.5736
24,251,0.6107
30,252,0.2692
32,252,0.1678
22,252,0.3353
23,252,0.1601
3,252,0.1944
23,253,0.1668
22,253,0.2458
13,253,0.4856
15,253,0.1586
20,253,0.648
4,254,0.3911
28,254,0.489
20,254,0.3916
31,254,0.6521
22,254,0.3083
15,255,0.6446
3,255,0.864
1,255,0.4396
14,255,0.4511
23,255,0.4376
16,256,0.699
11,256,0.6226
14,256,0.6245
2,256,0.1607
19,256,0.6124
1,257,0.4964
3,257,0.523
13,257,0.6005
27,257,0.4852
18,257,0.463
23,258,0.3998
30,258,0.3833
13,258,0.4051
20,258,0.6476
8,258,0.1663
32,259,0.147
17,259,0.185
7,259,0.3945
9,259,0.3301
13,259,0.4876
29,260,0.2189
17,260,0.2463
1,260,0.3174
31,260,0.2091
3,260,0.6421
12,261,0.6029
28,261,0.2135
24,261,0.568
17,261,0.5534
6,261,0.1359
24,262,0.3428
9,262,0.2268
14,262,0.3762
27,262,0.4347
20,262,0.1445
10,263,0.8421
3,263,0.8488
14,263,0.4967
15,263,0.6741
32,263,0.2077
26,264,0.5589
16,264,0.1257
30,264,0.8107
21,264,0.8191
9,264,0.6476
27,265,0.1246
22,265,0.1797
14,265,0.2937
15,265,0.4235
23,265,0.3559
24,266,0.2234
15,266,0.5332
3,266,0.6605
23,266,0.3868
20,266,0.3961
26,267,0.6461
1,267,0.3762
13,267,0.3123
31,267,0.6869
3,267,0.3275
18,268,0.3032
9,268,0.1792
7,268,0.4525
6,268,0.3557
2,268,0.7265
4,269,0.6941
21,269,0.6768
1,269,0.1577
29,269,0.216
31,269,0.8837
16,270,0.1592
12,270,0.4399
15,270,0.1644
7,270,0.1583
4,270,0.4555
21,271,0.5683
4,271,0.4472
20,271,0.5402
7,271,0.278
26,271,0.4617
21,272,0.5628
19,272,0.3615
16,272,0.3726
30,272,0.5017
26,272,0.5134
13,273,0.7466
24,273,0.7786
12,273,0.8314
29,273,0.1132
7,273,0.1433
9,274,0.5668
26,274,0.5073
4,274,0.4503
20,274,0.8001
25,274,0.4109
11,275,0.3828
4,275,0.1523
5,275,0.1879
18,275,0.3412
12,275,0.3691
1,276,0.3048
15,276,0.3627
19,276,0.5493
2,276,0.2148
17,276,0.4948
19,277,0.3953
17,277,0.3429
9,277,0.1217
30,277,0.2653
21,277,0.2778
18,278,0.1989
3,278,0.6106
10,278,0.5969
26,278,0.26
8,278,0.498
17,279,0.5527
8,279,0.2014
24,279,0.5884
15,279,0.5138
12,279,0.6043
25,280,0.1746
19,280,0.5377
4,280,0.6068
18,280,0.3089
7,280,0.1576
25,281,0.1545
18,281,0.4558
2,281,0.8601
20,281,0.1584
15,281,0.2025
24,282,0.6147
10,282,0.2417
23,282,0.283
4,282,0.2494
3,282,0.4513
13,283,0.3341
8,283,0.3622
26,283,0.5264
31,283,0.5532
23,283,0.1513
26,284,0.6144
17,284,0.19
20,284,0.404
15,284,0.127
21,284,0.46
17,285,0.5587
19,285,0.8195
32,285,0.7813
16,285,0.7909
27,285,0.6227
4,286,0.4879
29,286,0.2897
30,286,0.5878
1,286,0.3747
6,286,0.6025
10,287,0.1547
26,287,0.8538
20,287,0.6355
31,287,0.8269
4,287,0.6467
25,288,0.4348
22,288,0.3048
8,288,0.2001
29,288,0.168
20,288,0.3118
18,289,0.3507
31,289,0.1549
2,289,0.1214
24,289,0.4912
20,289,0.1566
15,290,0.3815
18,290,0.3831
8,290,0.1947
13,290,0.4272
29,290,0.1653
10,291,0.3775
8,291,0.5804
2,291,0.1559
15,291,0.3315
30,291,0.1784
1,292,0.5421
32,292,0.2359
17,292,0.3695
10,292,0.1264
12,292,0.3981
1,293,0.0781
30,293,0.3389
20,293,0.5642
31,293,0.7715
26,293,0.746
1,294,0.1833
24,294,0.5226
15,294,0.1913
9,294,0.1284
29,294,0.446
22,295,0.5828
6,295,0.4081
7,295,0.578
10,295,0.2143
14,295,0.1456
19,296,0.8708
18,296,0.2012
28,296,0.8786
32,296,0.8059
16,296,0.8219
28,297,0.3199
10,297,0.5044
31,297,0.7571
32,297,0.2217
15,297,0.6253
17,298,0.1905
29,298,0.5663
20,298,0.3756
13,298,0.3004
22,298,0.6334
11,299,0.7457
16,299,0.3907
29,299,0.3293
5,299,0.6399
14,299,0.3428
31,300,0.212
18,300,0.0778
3,300,0.5142
10,300,0.623
9,300,0.16
21,301,0.1437
12,301,0.7416
32,301,0.3322
13,301,0.7831
24,301,0.8112
26,302,0.1491
28,302,0.1914
23,302,0.2196
11,302,0.7492
12,302,0.568
28,303,0.5863
18,303,0.1825
19,303,0.7453
31,303,0.3925
5,303,0.25
2,304,0.0625
25,304,0.367
22,304,0.2227
30,304,0.5207
21,304,0.5623
13,305,0.4169
4,305,0.6698
26,305,0.869
31,305,0.8696
8,305,0.4245
7,306,0.4858
21,306,0.3597
32,306,0.2271
2,306,0.6503
13,306,0.348
27,307,0.4755
19,307,0.682
30,307,0.4914
29,307,0.2092
25,307,0.4611
5,308,0.2265
13,308,0.3672
18,308,0.2906
4,308,0.4831
28,308,0.3588
1,309,0.4781
3,309,0.3031
25,309,0.5913
22,309,0.413
13,309,0.4092
21,310,0.0816
15,310,0.5733
10,310,0.7337
14,310,0.4111
23,310,0.386
10,311,0.465
3,311,0.6078
17,311,0.4003
1,311,0.5656
4,311,0.3316
4,312,0.1019
18,312,0.6681
19,312,0.4557
28,312,0.0685
15,312,0.4942
18,313,0.845
15,313,0.7856
7,313,0.6446
31,313,0.6306
27,313,0.1315
21,314,0.6241
7,314,0.1931
3,314,0.2308
17,314,0.4013
26,314,0.5958
2,315,0.5177
30,315,0.4068
20,315,0.2652
12,315,0.2632
23,315,0.2591
15,316,0.3588
27,316,0.5846
19,316,0.4102
12,316,0.2197
1,316,0.647
4,317,0.277
15,317,0.4153
17,317,0.3786
23,317,0.4321
29,317,0.1091
30,318,0.2524
8,318,0.2006
17,318,0.5409
24,318,0.5573
32,318,0.2846
23,319,0.704
1,319,0.4355
30,319,0.157
20,319,0.449
15,319,0.6317
3,320,0.8906
10,320,0.8488
18,320,0.234
26,320,0.2438
30,320,0.2777
10,321,0.77
13,321,0.1241
15,321,0.5856
16,321,0.1865
26,321,0.1515
20,322,0.5913
4,322,0.4495
21,322,0.5435
27,322,0.2322
3,322,0.3334
22,323,0.2992
13,323,0.3213
26,323,0.4291
30,323,0.5091
2,323,0.1207
25,324,0.2506
11,324,0.6666
13,324,0.9076
24,324,0.8958
17,324,0.8812
9,325,0.248
32,325,0.5143
28,325,0.678
31,325,0.5333
13,325,0.2696
28,326,0.4267
5,326,0.3777
14,326,0.4934
20,326,0.3421
31,326,0.4566
5,327,0.6652
13,327,0.1491
12,327,0.4927
31,327,0.2246
11,327,0.1875
24,328,0.4739
30,328,0.6276
6,328,0.56
27,328,0.2355
12,328,0.4323
27,329,0.8523
3,329,0.2294
8,329,0.6686
9,329,0.8456
1,329,0.8716
28,330,0.1637
3,330,0.3963
31,330,0.22
1,330,0.316
18,330,0.4403
16,331,0.6092
28,331,0.5953
19,331,0.7807
32,331,0.5554
15,331,0.1769
15,332,0.171
4,332,0.3321
2,332,0.259
30,332,0.4313
5,332,0.2206
32,333,0.7322
26,333,0.3769
14,333,0.2526
4,333,0.3722
29,333,0.2251
30,334,0.2024
19,334,0.4817
5,334,0.1721
3,334,0.4439
11,334,0.4494
4,335,0.2202
15,335,0.8692
2,335,0.2477
26,335,0.2745
10,335,0.6811
16,336,0.553
25,336,0.5895
1,336,0.5098
9,336,0.3708
13,336,0.4662
3,337,0.7942
18,337,0.6281
29,337,0.5592
15,337,0.7995
24,337,0.2002
2,338,0.7038
11,338,0.6211
22,338,0.1743
5,338,0.6193
6,338,0.4417
13,339,0.5857
20,339,0.646
25,339,0.8049
23,339,0.6724
15,339,0.6408
13,340,0.3814
9,340,0.5381
19,340,0.5116
4,340,0.5596
5,340,0.1021
20,341,0.2905
27,341,0.543
32,341,0.674
12,341,0.2601
24,341,0.3637
8,342,0.5518
3,342,0.38
27,342,0.6437
18,342,0.4901
4,342,0.6391
26,343,0.4483
7,343,0.3588
1,343,0.1172
10,343,0.204
8,343,0.1686
26,344,0.4773
12,344,0.2278
28,344,0.7317
27,344,0.467
32,344,0.6296
14,345,0.1344
2,345,0.8622
15,345,0.2014
31,345,0.2056
30,345,0.1918
18,346,0.3826
32,346,0.1344
31,346,0.7798
30,346,0.3215
2,346,0.1791
11,347,0.5413
29,347,0.2605
5,347,0.4569
1,347,0.4329
23,347,0.4247
20,348,0.376
12,348,0.6934
28,348,0.2414
29,348,0.2306
13,348,0.8649
14,349,0.1708
4,349,0.2123
6,349,0.5299
19,349,0.4785
28,349,0.4523
1,350,0.3567
18,350,0.4674
30,350,0.2479
31,350,0.6014
11,350,0.3666
4,351,0.9058
18,351,0.2596
9,351,0.8597
27,351,0.8778
1,351,0.882
22,352,0.4466
32,352,0.6567
24,352,0.527
25,352,0.4496
16,352,0.598
19,353,0.7686
31,353,0.5725
18,353,0.5741
23,353,0.6415
30,353,0.422
1,354,0.2842
21,354,0.2995
2,354,0.4265
31,354,0.2806
13,354,0.1839
23,355,0.2968
11,355,0.4627
16,355,0.3018
4,355,0.1884
2,355,0.1293
27,356,0.8358
1,356,0.8727
9,356,0.8162
19,356,0.6281
23,356,0.1547
8,357,0.2618
31,357,0.3467
28,357,0.1788
32,357,0.0849
14,357,0.1554
31,358,0.8476
23,358,0.1329
3,358,0.2027
28,358,0.3871
30,358,0.4015
2,359,0.645
31,359,0.4
7,359,0.519
5,359,0.1971
32,359,0.1546
20,360,0.2317
7,360,0.4048
26,360,0.1951
12,360,0.6445
18,360,0.7701
15,361,0.823
18,361,0.9106
14,361,0.7117
1,361,0.7244
16,361,0.6317
30,362,0.4685
16,362,0.537
27,362,0.4192
14,362,0.305
13,362,0.1868
7,363,0.1729
31,363,0.6262
15,363,0.1611
12,363,0.1274
29,363,0.1265
1,364,0.1652
21,364,0.6766
28,364,0.4756
30,364,0.4331
31,364,0.8724
29,365,0.1298
2,365,0.6481
30,365,0.155
13,365,0.1741
24,365,0.1747
2,366,0.6016
11,366,0.8489
5,366,0.8583
30,366,0.205
24,366,0.1989
3,367,0.7356
30,367,0.1957
18,367,0.4227
15,367,0.7055
13,367,0.2151
13,368,0.3755
6,368,0.2073
4,368,0.1702
23,368,0.3518
7,368,0.1434
2,369,0.1827
28,369,0.5649
27,369,0.7216
19,369,0.7422
6,369,0.3084
16,370,0.4729
10,370,0.4294
11,370,0.6793
29,370,0.4302
9,370,0.1366
18,371,0.5973
21,371,0.1613
10,371,0.4775
19,371,0.4812
15,371,0.7535
7,372,0.6894
10,372,0.1956
25,372,0.2545
14,372,0.2574
23,372,0.2145
3,373,0.1808
4,373,0.4546
5,373,0.3677
20,373,0.5011
30,373,0.5279
5,374,0.1272
19,374,0.611
28,374,0.6834
31,374,0.5977
17,374,0.4251
24,375,0.0842
3,375,0.3282
31,375,0.5693
15,375,0.248
27,375,0.1099
32,376,0.2942
16,376,0.1937
21,376,0.1975
3,376,0.7707
1,376,0.3362
8,377,0.3895
9,377,0.6336
1,377,0.6175
2,377,0.1831
20,377,0.513
4,378,0.469
32,378,0.277
1,378,0.567
8,378,0.3687
15,378,0.2473
27,379,0.4532
2,379,0.5389
19,379,0.3
26,379,0.2942
15,379,0.2
9,380,0.3165
30,380,0.1512
25,380,0.6308
1,380,0.571
15,380,0.7153
5,381,0.4218
22,381,0.1446
32,381,0.4197
19,381,0.4166
28,381,0.4602
31,382,0.8671
21,382,0.7154
25,382,0.2218
4,382,0.669
13,382,0.4911
15,383,0.5895
22,383,0.3639
23,383,0.4628
16,383,0.32
6,383,0.1372
19,384,0.8742
31,384,0.4764
1,384,0.2276
30,384,0.6053
25,384,0.6945
31,385,0.8738
24,385,0.2479
20,385,0.725
26,385,0.8782
2,385,0.1877
26,386,0.8869
13,386,0.4454
4,386,0.6452
31,386,0.8148
20,386,0.6365
24,387,0.8078
12,387,0.8778
18,387,0.6858
3,387,0.6761
2,387,0.1399
18,388,0.5711
12,388,0.1057
24,388,0.311
23,388,0.5142
29,388,0.6979
2,389,0.6469
21,389,0.1969
20,389,0.2615
4,389,0.1963
31,389,0.2587
27,390,0.5205
4,390,0.2023
29,390,0.1607
32,390,0.6482
30,390,0.4649
23,391,0.1672
7,391,0.3958
19,391,0.5204
16,391,0.4925
24,391,0.4377
4,392,0.5301
14,392,0.4583
9,392,0.5928
26,392,0.304
3,392,0.4409
4,393,0.8432
1,393,0.8212
26,393,0.4228
24,393,0.1632
27,393,0.7934
15,394,0.3715
5,394,0.4412
28,394,0.1602
24,394,0.1593
23,394,0.3824
6,395,0.5838
5,395,0.7997
11,395,0.7924
2,395,0.5745
32,395,0.1428
32,396,0.334
4,396,0.6264
26,396,0.7024
21,396,0.7449
24,396,0.2439
29,397,0.1853
3,397,0.1532
23,397,0.127
32,397,0.2063
8,397,0.2386
26,398,0.4871
27,398,0.7895
1,398,0.8636
9,398,0.8604
4,398,0.8366
1,399,0.3162
32,399,0.6155
17,399,0.4883
23,399,0.367
15,399,0.4142
22,400,0.4482
15,400,0.3153
4,400,0.0493
32,400,0.0751
7,400,0.6195
31,401,0.2192
20,401,0.1345
29,401,0.5416
3,401,0.1844
21,401,0.3636
5,402,0.3627
20,402,0.1599
8,402,0.5998
14,402,0.5129
19,402,0.2911
26,403,0.5955
18,403,0.2818
10,403,0.2577
15,403,0.3539
28,403,0.2712
2,404,0.6247
22,404,0.2673
8,404,0.3366
12,404,0.1765
15,404,0.2334
29,405,0.1289
11,405,0.4627
30,405,0.2047
23,405,0.1728
5,405,0.1158
19,406,0.137
10,406,0.8505
7,406,0.1047
30,406,0.161
23,406,0.4069
29,407,0.0925
24,407,0.1232
6,407,0.8106
5,407,0.1048
9,407,0.5982
8,408,0.1683
9,408,0.3371
25,408,0.5568
23,408,0.5496
15,408,0.554
19,409,0.269
24,409,0.1486
10,409,0.2632
23,409,0.383
4,409,0.4018
2,410,0.7302
3,410,0.1643
25,410,0.12
24,410,0.1566
7,410,0.5927
25,411,0.7473
14,411,0.0986
16,411,0.4357
13,411,0.5695
15,411,0.6165
32,412,0.375
5,412,0.4028
16,412,0.4122
1,412,0.1492
31,412,0.1972
23,413,0.4516
31,413,0.2556
27,413,0.2258
15,413,0.5155
7,413,0.208
11,414,0.5893
13,414,0.6055
17,414,0.612
19,414,0.5508
23,414,0.454
11,415,0.5604
20,415,0.3367
5,415,0.577
9,415,0.3048
26,415,0.1722
6,416,0.2522
29,416,0.6867
23,416,0.9668
3,416,0.7734
31,416,0.7326
10,417,0.1774
19,417,0.2143
9,417,0.3015
6,417,0.4377
2,417,0.2034
20,418,0.5978
26,418,0.1557
4,418,0.1245
24,418,0.1753
15,418,0.6623
10,419,0.3951
30,419,0.6342
17,419,0.6519
3,419,0.2019
25,419,0.6797
31,420,0.6178
20,420,0.4451
14,420,0.1856
13,420,0.3364
8,420,0.3184
17,421,0.3083
25,421,0.3279
6,421,0.4175
19,421,0.3788
22,421,0.1955
9,422,0.6139
29,422,0.3689
1,422,0.7916
18,422,0.4037
2,422,0.1324
7,423,0.2141
10,423,0.6323
29,423,0.2056
2,423,0.2116
12,423,0.1884
4,424,0.093
24,424,0.8213
18,424,0.5582
13,424,0.731
3,424,0.545
11,425,0.3954
16,425,0.1464
8,425,0.6284
2,425,0.1757
7,425,0.1805
9,426,0.3805
10,426,0.4146
14,426,0.5557
16,426,0.4928
7,426,0.4159
14,427,0.2765
13,427,0.136
21,427,0.1895
15,427,0.2756
2,427,0.469
31,428,0.7973
12,428,0.1954
8,428,0.4103
5,428,0.2067
26,428,0.8119
26,429,0.1807
8,429,0.7958
3,429,0.1589
31,429,0.1636
5,429,0.5661
19,430,0.3839
22,430,0.4601
13,430,0.8311
1,430,0.373
6,430,0.222
23,431,0.6285
31,431,0.4729
2,431,0.4084
5,431,0.2048
1,431,0.4242
19,432,0.9147
23,432,0.1953
17,432,0.6942
32,432,0.8926
25,432,0.7136
13,433,0.0938
21,433,0.8092
12,433,0.0786
6,433,0.7518
20,433,0.7538
30,434,0.5055
28,434,0.5705
12,434,0.1739
4,434,0.4528
16,434,0.4284
3,435,0.3734
30,435,0.1956
27,435,0.4247
29,435,0.6504
1,435,0.3713
18,436,0.413
23,436,0.4435
2,436,0.3248
25,436,0.5813
8,436,0.1806
24,437,0.6115
13,437,0.6366
26,437,0.1698
15,437,0.2143
31,437,0.1898
14,438,0.2357
28,438,0.4023
6,438,0.4219
23,438,0.1632
11,438,0.4743
27,439,0.1525
26,439,0.1702
29,439,0.1803
15,439,0.4429
7,439,0.3167
6,440,0.3483
5,440,0.19
31,440,0.3376
10,440,0.5634
14,440,0.3282
3,441,0.3595
7,441,0.3048
17,441,0.4562
26,441,0.1784
9,441,0.2988
15,442,0.3126
22,442,0.5829
29,442,0.4704
31,442,0.2355
4,442,0.5441
31,443,0.552
18,443,0.6343
27,443,0.3733
15,443,0.6409
10,443,0.5711
16,444,0.5904
22,444,0.226
19,444,0.5594
28,444,0.5565
15,444,0.3934
23,445,0.4345
25,445,0.5808
3,445,0.3698
31,445,0.1251
15,445,0.4431
2,446,0.1949
31,446,0.1779
17,446,0.5832
3,446,0.45
24,446,0.6155
3,447,0.6719
13,447,0.8642
24,447,0.867
32,447,0.4294
5,447,0.1562
32,448,0.1859
3,448,0.7311
2,448,0.105
26,448,0.1193
31,448,0.1052
12,449,0.2055
1,449,0.6486
29,449,0.2088
27,449,0.6317
6,449,0.5945
27,450,0.7796
4,450,0.8513
15,450,0.1961
9,450,0.8106
13,450,0.1746
14,451,0.386
12,451,0.1858
11,451,0.6146
10,451,0.4119
13,451,0.2977
29,452,0.396
3,452,0.6676
5,452,0.107
11,452,0.4345
23,452,0.6128
15,453,0.5989
1,453,0.5235
30,453,0.1426
16,453,0.3567
5,453,0.1797
1,454,0.0999
10,454,0.2535
6,454,0.1331
20,454,0.1505
17,454,0.3897
4,455,0.3966
5,455,0.5413
7,455,0.3037
3,455,0.2053
13,455,0.3587
24,456,0.4273
4,456,0.5483
8,456,0.3594
26,456,0.2753
27,456,0.6141
18,457,0.3484
9,457,0.2983
16,457,0.4631
20,457,0.4288
1,457,0.4906
11,458,0.5597
3,458,0.6415
12,458,0.549
18,458,0.6106
24,458,0.5626
4,459,0.4963
30,459,0.2422
9,459,0.4817
11,459,0.1138
19,459,0.6446
26,460,0.2263
9,460,0.5617
11,460,0.0874
21,460,0.102
14,460,0.2156
28,461,0.8961
19,461,0.8501
32,461,0.8779
30,461,0.6782
27,461,0.7285
26,462,0.207
12,462,0.5414
3,462,0.4623
2,462,0.1228
27,462,0.4143
13,463,0.4914
32,463,0.4606
28,463,0.2642
24,463,0.665
25,463,0.2149
19,464,0.5281
3,464,0.1838
2,464,0.1713
30,464,0.4536
28,464,0.5421
8,465,0.3151
10,465,0.3414
22,465,0.2488
28,465,0.3916
13,465,0.3159
24,466,0.7595
11,466,0.6319
9,466,0.1538
12,466,0.7615
32,466,0.3761
9,467,0.1872
15,467,0.5789
18,467,0.6518
7,467,0.6284
10,467,0.5114
31,468,0.4073
13,468,0.6449
26,468,0.3962
11,468,0.5067
12,468,0.571
31,469,0.2715
6,469,0.314
24,469,0.5193
12,469,0.6272
4,469,0.4385
25,470,0.3872
10,470,0.5391
15,470,0.5343
18,470,0.6019
16,470,0.7476
26,471,0.6211
11,471,0.2085
7,471,0.3106
2,471,0.4339
31,471,0.6165
29,472,0.3966
19,472,0.2378
28,472,0.1553
31,472,0.1736
7,472,0.6013
25,473,0.5979
12,473,0.1536
22,473,0.7129
24,473,0.3375
30,473,0.2254
26,474,0.447
27,474,0.6917
4,474,0.5934
31,474,0.3994
5,474,0.1884
25,475,0.869
20,475,0.6057
8,475,0.2297
13,475,0.6795
6,475,0.1871
25,476,0.4412
30,476,0.4309
1,476,0.2088
27,476,0.4532
18,476,0.1959
4,477,0.7847
9,477,0.7406
12,477,0.163
1,477,0.8079
5,477,0.1356
4,478,0.5132
13,478,0.5792
5,478,0.2075
24,478,0.5776
19,478,0.5209
29,479,0.8663
27,479,0.6573
30,479,0.2339
18,479,0.1989
7,479,0.8648
15,480,0.4283
11,480,0.613
32,480,0.3419
12,480,0.5531
1,480,0.3464
1,481,0.4131
11,481,0.4199
27,481,0.4637
24,481,0.5608
17,481,0.5311
24,482,0.5546
31,482,0.1746
17,482,0.5562
18,482,0.4376
4,482,0.4329
14,483,0.7853
26,483,0.2132
5,483,0.5761
31,483,0.1568
24,483,0.1695
14,484,0.6133
18,484,0.841
1,484,0.6026
23,484,0.8189
31,484,0.6757
10,485,0.3439
31,485,0.7587
28,485,0.2881
11,485,0.2911
23,485,0.4195
6,486,0.5044
26,486,0.3675
29,486,0.2192
2,486,0.6563
27,486,0.1889
3,487,0.3783
30,487,0.3377
31,487,0.7758
20,487,0.4989
29,487,0.3248
24,488,0.8897
12,488,0.8417
4,488,0.1884
7,488,0.1984
17,488,0.9155
13,489,0.2748
5,489,0.2564
4,489,0.4663
31,489,0.564
26,489,0.5492
18,490,0.4221
8,490,0.4371
1,490,0.7732
29,490,0.2877
2,490,0.1398
15,491,0.4366
31,491,0.1544
29,491,0.2103
12,491,0.4186
1,491,0.3477
30,492,0.4467
8,492,0.4436
32,492,0.5792
19,492,0.6234
14,492,0.3736
7,493,0.3448
28,493,0.1738
5,493,0.6065
20,493,0.1421
16,493,0.1301
4,494,0.1731
32,494,0.4896
30,494,0.349
18,494,0.3527
7,494,0.4642
23,495,0.1804
26,495,0.2382
5,495,0.9158
11,495,0.9091
31,495,0.2541
31,496,0.627
21,496,0.6024
20,496,0.4929
2,496,0.1379
17,496,0.3605
27,497,0.1248
15,497,0.1415
14,497,0.591
4,497,0.2665
8,497,0.5355
30,498,0.4732
21,498,0.5358
13,498,0.2473
20,498,0.5099
11,498,0.2043
19,499,0.7348
3,499,0.1502
8,499,0.2868
6,499,0.2899
27,499,0.699
26,500,0.5014
9,500,0.7345
29,500,0.1875
13,500,0.112
27,500,0.5404
